{
  "items": [
    {
      "type": "group",
      "ctime": 1719250697966,
      "items": [
        {
          "type": "file",
          "ctime": 1719320978899,
          "path": "materias/en curso/Prehistoria Extra-Americana/Teóricos - PEA/(10) Denisovanos.md",
          "subpath": "#^1130c5",
          "title": "actividad"
        },
        {
          "type": "file",
          "ctime": 1719401587570,
          "path": "materias/archivo/por rendir/2° año/Teoría Antropológica/Teóricos TEA/(09) Lenguaje, semiótica y representaciones sociales.md",
          "subpath": "#^b407e6",
          "title": "resolver"
        },
        {
          "type": "file",
          "ctime": 1719341801842,
          "path": "materias/en curso/Prehistoria Extra-Americana/Teóricos - PEA/(10) Denisovanos.md",
          "subpath": "#^2a6010",
          "title": "pregunta de exámen"
        },
        {
          "type": "file",
          "ctime": 1720469635487,
          "path": "materias/en curso/Prehistoria Extra-Americana/Teóricos - PEA/(12) Paleolítico Superior.md",
          "subpath": "#apuntes",
          "title": "completar"
        },
        {
          "type": "file",
          "ctime": 1723733946242,
          "path": "materias/en curso/Prehistoria Extra-Americana/Prácticos/2024/(14) Homo sapiens.md",
          "title": "completar con datos finos"
        },
        {
          "type": "file",
          "ctime": 1727687029150,
          "path": "extra/calendario/2024/(09) septiembre/23 09 2024.md",
          "subpath": "#prehistoria extra-americana",
          "title": "pedir apunte"
        }
      ],
      "title": "PEA"
    },
    {
      "type": "group",
      "ctime": 1719250714886,
      "items": [
        {
          "type": "file",
          "ctime": 1719781139557,
          "path": "materias/archivo/por rendir/2° año/Geología de Cuaternario/Teórico-Prácticos - GC/primer parcial/Repaso primer parcial - GC.md",
          "subpath": "#^07a3dc",
          "title": "resumir formaciones"
        },
        {
          "type": "file",
          "ctime": 1719810946288,
          "path": "materias/archivo/por rendir/2° año/Geología de Cuaternario/Teórico-Prácticos - GC/primer parcial/(02) Mapa Topográfico.md",
          "title": "completar apunte"
        },
        {
          "type": "file",
          "ctime": 1730210244827,
          "path": "materias/archivo/por rendir/2° año/Geología de Cuaternario/Teórico-Prácticos - GC/segundo parcial/(10) Acción Eólica.md"
        },
        {
          "type": "file",
          "ctime": 1730210268017,
          "path": "materias/archivo/por rendir/2° año/Geología de Cuaternario/Teórico-Prácticos - GC/segundo parcial/(11) Acción Eólica II.md"
        }
      ],
      "title": "GC"
    },
    {
      "type": "group",
      "ctime": 1719250722576,
      "items": [
        {
          "type": "file",
          "ctime": 1717861754416,
          "path": "materias/en curso/Antropología Biológica I/Teóricos/2024/(08) Antropometría.md",
          "subpath": "#^bae716",
          "title": "OMS y IOTF → ​IMC"
        },
        {
          "type": "file",
          "ctime": 1743187291448,
          "path": "materias/en curso/Antropología Biológica I/Teóricos/(03) Desarrollo Ontogenico II.md",
          "title": "COMPLETAR CON LIBRO DE CATEDRA"
        },
        {
          "type": "group",
          "ctime": 1719250725710,
          "items": [
            {
              "type": "file",
              "ctime": 1719341735421,
              "path": "materias/archivo/por rendir/2° año/Etnografía I/Teóricos - E I/(07) Cierre de unidad.md",
              "subpath": "#^4b63ba",
              "title": "revisar"
            },
            {
              "type": "file",
              "ctime": 1733246339975,
              "path": "materias/archivo/por rendir/2° año/Etnografía I/Clase de Integración.md",
              "subpath": "#MOVILIDAD",
              "title": "COMPLETAR"
            }
          ],
          "title": "E-I"
        }
      ],
      "title": "AB-I"
    },
    {
      "type": "file",
      "ctime": 1745864979929,
      "path": "materias/en curso/Arqueología Americana I/Teóricos/(05) Tecnología Lítica.md",
      "subpath": "#^320a20",
      "title": "EXPERIMENTACIÓN"
    }
  ]
}