{
  "collapse-filter": false,
  "search": "path:experiencia/4.acg/Wikimedia  ",
  "showTags": true,
  "showAttachments": true,
  "hideUnresolved": false,
  "showOrphans": true,
  "collapse-color-groups": true,
  "colorGroups": [
    {
      "query": "tag:#AB-I ",
      "color": {
        "a": 1,
        "rgb": 16776960
      }
    },
    {
      "query": "tag:#AS-I ",
      "color": {
        "a": 1,
        "rgb": 11392604
      }
    },
    {
      "query": "tag:#E-II  ",
      "color": {
        "a": 1,
        "rgb": 6084188
      }
    },
    {
      "query": "tag:#PEA  ",
      "color": {
        "a": 1,
        "rgb": 6084269
      }
    },
    {
      "query": "path:\"materias/2° año\"  ",
      "color": {
        "a": 1,
        "rgb": 11250603
      }
    },
    {
      "query": "tag:#AA-I  ",
      "color": {
        "a": 1,
        "rgb": 6073814
      }
    },
    {
      "query": "tag:#calendar-container  ",
      "color": {
        "a": 1,
        "rgb": 16777215
      }
    },
    {
      "query": "path:\"materias/1° año\"  ",
      "color": {
        "a": 1,
        "rgb": 12434877
      }
    }
  ],
  "collapse-display": true,
  "showArrow": false,
  "textFadeMultiplier": 0.3,
  "nodeSizeMultiplier": 2.04063623789765,
  "lineSizeMultiplier": 1.00003472222222,
  "collapse-forces": true,
  "centerStrength": 0.498794704603833,
  "repelStrength": 12.5074096028453,
  "linkStrength": 0.516582207207207,
  "linkDistance": 500,
  "scale": 0.4398857652994875,
  "close": true
}