{
  "main": {
    "id": "489517150b8b2a96",
    "type": "split",
    "children": [
      {
        "id": "d1b4b4119859f29b",
        "type": "tabs",
        "children": [
          {
            "id": "84b3bf6248d41bdf",
            "type": "leaf",
            "state": {
              "type": "webviewer",
              "state": {
                "url": "https://es.wikipedia.org/wiki/Centro_Administrativo_Gubernamental",
                "title": "Centro Administrativo Gubernamental - Wikipedia, la enciclopedia libre",
                "mode": "webview"
              },
              "icon": "globe-2",
              "title": "Centro Administrativo Gubernamental - Wikipedia, la enciclopedia libre"
            }
          },
          {
            "id": "d383a35b9fb8d792",
            "type": "leaf",
            "state": {
              "type": "webviewer",
              "state": {
                "url": "https://www.eldia.com/nota/2025-4-22-0-57-59-peligra-el-baile-en-las-torres-administrativas-la-ciudad",
                "title": "Peligra el baile en las torres administrativas - La Ciudad",
                "mode": "webview"
              },
              "icon": "globe-2",
              "title": "Peligra el baile en las torres administrativas - La Ciudad"
            }
          },
          {
            "id": "f4f8ca06711d8244",
            "type": "leaf",
            "state": {
              "type": "markdown",
              "state": {
                "file": "experiencia/4.acg/Wikimedia/CLASE II.md",
                "mode": "preview",
                "source": false,
                "backlinks": false
              },
              "icon": "lucide-file",
              "title": "CLASE II"
            }
          }
        ],
        "currentTab": 2
      }
    ],
    "direction": "vertical"
  },
  "left": {
    "id": "31e36010b8224e1c",
    "type": "split",
    "children": [
      {
        "id": "af129e40161719ab",
        "type": "tabs",
        "dimension": 37.22627737226277,
        "children": [
          {
            "id": "715a422b8bdbd769",
            "type": "leaf",
            "state": {
              "type": "search",
              "state": {
                "query": "",
                "matchingCase": false,
                "explainSearch": false,
                "collapseAll": false,
                "extraContext": false,
                "sortOrder": "alphabetical"
              },
              "icon": "lucide-search",
              "title": "Buscar"
            }
          },
          {
            "id": "181ec8a9ff914cd6",
            "type": "leaf",
            "state": {
              "type": "bookmarks",
              "state": {},
              "icon": "lucide-bookmark",
              "title": "Marcadores"
            }
          }
        ]
      },
      {
        "id": "c6fe1a5ffeed7390",
        "type": "tabs",
        "dimension": 62.77372262773722,
        "children": [
          {
            "id": "4bc1eee22572f801",
            "type": "leaf",
            "state": {
              "type": "file-explorer",
              "state": {
                "sortOrder": "alphabetical",
                "autoReveal": false
              },
              "icon": "lucide-folder-closed",
              "title": "Explorador de archivos"
            }
          }
        ]
      }
    ],
    "direction": "horizontal",
    "width": 296
  },
  "right": {
    "id": "9c8e2dffd83511d2",
    "type": "split",
    "children": [
      {
        "id": "ff9ced3c05d1d5f0",
        "type": "tabs",
        "dimension": 36.39705882352941,
        "children": [
          {
            "id": "ee7dc31554ddd0ec",
            "type": "leaf",
            "state": {
              "type": "calendar",
              "state": {},
              "icon": "calendar-with-checkmark",
              "title": "Calendar"
            }
          },
          {
            "id": "e3114b40e0978f2c",
            "type": "leaf",
            "state": {
              "type": "graph",
              "state": {},
              "icon": "lucide-git-fork",
              "title": "Vista gráfica"
            }
          },
          {
            "id": "82331256cb88fd33",
            "type": "leaf",
            "state": {
              "type": "tag",
              "state": {
                "sortOrder": "frequency",
                "useHierarchy": true,
                "showSearch": false,
                "searchQuery": ""
              },
              "icon": "lucide-tags",
              "title": "Etiquetas"
            }
          }
        ],
        "currentTab": 1
      },
      {
        "id": "559b76e99301db62",
        "type": "tabs",
        "dimension": 63.60294117647059,
        "children": [
          {
            "id": "7032908a26b6d97d",
            "type": "leaf",
            "state": {
              "type": "outline",
              "state": {
                "file": "experiencia/4.acg/Wikimedia/CLASE II.md",
                "followCursor": false,
                "showSearch": false,
                "searchQuery": ""
              },
              "icon": "lucide-list",
              "title": "Esquema de CLASE II"
            }
          },
          {
            "id": "4d441bed048f9750",
            "type": "leaf",
            "state": {
              "type": "dictionary-view",
              "state": {},
              "icon": "quote-glyph",
              "title": "Diccionario"
            }
          },
          {
            "id": "f8085e453fd07fb0",
            "type": "leaf",
            "state": {
              "type": "backlink",
              "state": {
                "file": "experiencia/4.acg/Wikimedia/CLASE II.md",
                "collapseAll": false,
                "extraContext": false,
                "sortOrder": "alphabetical",
                "showSearch": false,
                "searchQuery": "",
                "backlinkCollapsed": false,
                "unlinkedCollapsed": true
              },
              "icon": "links-coming-in",
              "title": "Enlaces entrantes de CLASE II"
            }
          },
          {
            "id": "7ecb785ae1b56368",
            "type": "leaf",
            "state": {
              "type": "outgoing-link",
              "state": {
                "file": "experiencia/4.acg/Wikimedia/CLASE II.md",
                "linksCollapsed": false,
                "unlinkedCollapsed": true
              },
              "icon": "links-going-out",
              "title": "Enlaces salientes de CLASE II"
            }
          }
        ]
      }
    ],
    "direction": "horizontal",
    "width": 290.5,
    "collapsed": true
  },
  "left-ribbon": {
    "hiddenItems": {
      "callout-manager:Insert Callout": true,
      "canvas:Crear nuevo lienzo": true,
      "workspaces:Gestionar disposiciones de espacio de trabajo": false,
      "graph:Abrir vista gráfica": true,
      "templates:Insertar plantilla": true,
      "command-palette:Abrir paleta de comandos": false,
      "zk-prefixer:Crear nueva nota única": true,
      "random-note:Abrir nota al azar": false,
      "templater-obsidian:Templater": true,
      "obsidian-excalidraw-plugin:New drawing": true,
      "daily-notes:Abrir la nota de hoy": true
    }
  },
  "active": "f4f8ca06711d8244",
  "lastOpenFiles": [
    "experiencia/4.acg/Wikimedia/CLASE II.md",
    "Wikipedia - Manual de estilo - Wikipedia, la enciclopedia libre.md",
    "Wikipedia, la enciclopedia libre.md",
    "extra/calendario/2025/20 05 2025.md",
    "extra/excalidraw/(17) Kollas 2024-10-08 10.35.45.excalidraw.md",
    "experiencia/4.acg/Wikimedia/CLASE I.md",
    "materias/en curso/Arqueología Americana I/Teóricos/(08) Poblamiento II.md",
    "materias/en curso/Antropología Sociocultural I/Prácticos/(06)/Naturaleza - Cultura II.md",
    "materias/en curso/Antropología Sociocultural I/Prácticos/(06)",
    "materias/en curso/Antropología Sociocultural I/Teóricos/UNIDAD II/Clase VIII.md",
    "extra/excalidraw/Clase VIII 2025-05-20 13.27.59.excalidraw.md",
    "extra/calendario/2025/19 05 2025.md",
    "materias/en curso/Antropología Biológica I/Prácticos/(07) Maduración II.md",
    "materias/en curso/Antropología Biológica I/Anexos/Sin título.md",
    "materias/en curso/Antropología Biológica I/Anexos/asimetria.gif",
    "materias/en curso/Arqueología Americana I/costera2.jpg",
    "TP.md",
    "extra/excalidraw/(08) Poblamiento II 2025-05-19 12.39.08.excalidraw.md",
    "Sin título.md",
    "materias/en curso/Antropología Biológica I/Teóricos/(08) Estadística I.md",
    "extra/excalidraw/(08) Estadística I 2025-05-16 13.17.53.excalidraw.md",
    "extra/excalidraw/(08) Estadística I 2025-05-16 14.20.51.excalidraw.md",
    "extra/excalidraw/(08) Estadística I 2025-05-16 14.28.21.excalidraw.md",
    "asimetria.gif",
    "extra/excalidraw/(08) Estadística I 2025-05-16 13.49.43.excalidraw.md",
    "extra/calendario/2025/16 05 2025.md",
    "materias/en curso/Etnografía II/Prácticos/Bloque Temático 1/(05)/Trabajo Práctico V.md",
    "extra/excalidraw/Mapa Mental Etnografía II.md",
    "extra/excalidraw/Cuadro (profesores) Etnografía II.md",
    "extra/calendario/2025/14 05 2025.md",
    "materias/en curso/Etnografía II/Prácticos/Bloque Temático 1/(05)",
    "materias/en curso/Antropología Sociocultural I/Prácticos/(05)/Bibliografía/geertz clifford - cap 2 el impacto del concepto de cultura....pdf",
    "materias/en curso/Antropología Sociocultural I/Prácticos/(05)/Bibliografía",
    "materias/en curso/Antropología Sociocultural I/Prácticos/(05)/geertz clifford - cap 2 el impacto del concepto de cultura....pdf",
    "experiencia/4.acg/Wikimedia",
    "materias/en curso/Antropología Sociocultural I/Prácticos/(05)",
    "materias/en curso/Antropología Sociocultural I/Prácticos/(04)/Bibliografía/Antropologia Social - Guber.pdf",
    "materias/en curso/Antropología Sociocultural I/Prácticos/(04)/Bibliografía/Construcción o simulacro del objeto de estudio - Canclini.pdf",
    "materias/en curso/Antropología Sociocultural I/Prácticos/(04)/Bibliografía",
    "materias/en curso/Arqueología Americana I/Prácticos/TP 6/Anexos/IMG_20250513_115621661_MP~2.jpg",
    "materias/en curso/Arqueología Americana I/Prácticos/TP 6/Anexos/IMG_20250513_115607169_HDR~2.jpg",
    "materias/en curso/Arqueología Americana I/Prácticos/TP 3/Anexos/IMG_20250415_105228739_DOC.jpg",
    "materias/en curso/Arqueología Americana I/Prácticos/TP 3/Anexos/IMG_20250415_105537336_DOC.jpg",
    "materias/archivo/por rendir/2° año/Etnografía I/Anexos - E I/IMG_20240513_194427974_DOC.jpg",
    "materias/archivo/por rendir/2° año/Etnografía I/Anexos - E I/IMG_20240513_194427974_DOC 1.jpg",
    "materias/archivo/por rendir/2° año/Etnografía I/Anexos - E I/IMG_20240513_195356700_HDR_DOC.jpg",
    "materias/3° año/Sin título.canvas",
    "Sin título.canvas"
  ]
}