{
  "main": {
    "id": "489517150b8b2a96",
    "type": "split",
    "children": [
      {
        "id": "61800c4465ff1438",
        "type": "tabs",
        "children": [
          {
            "id": "2b2fc6a55c7042bd",
            "type": "leaf",
            "state": {
              "type": "pdf",
              "state": {
                "file": "materias/2° año/Prehistoria Extra-Americana/Anexos - PEA/Tabla Cronoestatigrafica.pdf"
              },
              "icon": "lucide-file-text",
              "title": "Tabla Cronoestatigrafica"
            }
          },
          {
            "id": "1aa65ef71156fb95",
            "type": "leaf",
            "state": {
              "type": "release-notes",
              "state": {
                "currentVersion": "1.7.4"
              },
              "icon": "lucide-file",
              "title": "Release Notes 1.7.4"
            }
          },
          {
            "id": "ef9ea76bc940cc46",
            "type": "leaf",
            "state": {
              "type": "markdown",
              "state": {
                "file": "Sin título 1.md",
                "mode": "source",
                "backlinks": false,
                "source": false
              },
              "icon": "lucide-file",
              "title": "Sin título 1"
            }
          }
        ],
        "currentTab": 1
      }
    ],
    "direction": "vertical"
  },
  "left": {
    "id": "31e36010b8224e1c",
    "type": "split",
    "children": [
      {
        "id": "8e42941bafa2d90e",
        "type": "tabs",
        "children": [
          {
            "id": "02aec28eb62fdcac",
            "type": "leaf",
            "state": {
              "type": "search",
              "state": {
                "query": "",
                "matchingCase": false,
                "explainSearch": false,
                "collapseAll": false,
                "extraContext": false,
                "sortOrder": "alphabetical"
              },
              "icon": "lucide-search",
              "title": "Buscar"
            }
          },
          {
            "id": "94a217b600b0dddf",
            "type": "leaf",
            "state": {
              "type": "bookmarks",
              "state": {},
              "icon": "lucide-bookmark",
              "title": "Marcadores"
            }
          },
          {
            "id": "9d1d953c23da90eb",
            "type": "leaf",
            "state": {
              "type": "file-explorer",
              "state": {
                "sortOrder": "alphabetical"
              },
              "icon": "lucide-folder-closed",
              "title": "Explorador de archivos"
            }
          }
        ],
        "currentTab": 2
      }
    ],
    "direction": "horizontal",
    "width": 296
  },
  "right": {
    "id": "9c8e2dffd83511d2",
    "type": "split",
    "children": [
      {
        "id": "a0915087bfc03837",
        "type": "tabs",
        "children": [
          {
            "id": "ee7dc31554ddd0ec",
            "type": "leaf",
            "state": {
              "type": "calendar",
              "state": {},
              "icon": "lucide-file",
              "title": "Complemento no activo"
            }
          },
          {
            "id": "6f4933940901415d",
            "type": "leaf",
            "state": {
              "type": "outline",
              "state": {
                "file": "materias/2° año/Prehistoria Extra-Americana/Anexos - PEA/Tabla Cronoestatigrafica.pdf"
              },
              "icon": "lucide-list",
              "title": "Esquema de Tabla Cronoestatigrafica"
            }
          }
        ],
        "currentTab": 1
      }
    ],
    "direction": "horizontal",
    "width": 300,
    "collapsed": true
  },
  "left-ribbon": {
    "hiddenItems": {
      "graph:Abrir vista gráfica": false,
      "canvas:Crear nuevo lienzo": false,
      "daily-notes:Abrir la nota de hoy": false,
      "templates:Insertar plantilla": false,
      "command-palette:Abrir paleta de comandos": false,
      "zk-prefixer:Crear nueva nota única": false,
      "random-note:Abrir nota al azar": false
    }
  },
  "active": "1aa65ef71156fb95",
  "lastOpenFiles": [
    "materias/2° año/Etnografía I/Salida de campo a Villa Arguello.md",
    "Sin título 1.md",
    "Sin título.md",
    "materias/2° año/Etnografía I/Teóricos - E I/(02) Etnografía ≠ Trabajo de Campo.md",
    "materias/2° año/Etnografía I/Teóricos - E I/(05) Metodología etnográfica II.md",
    "materias/2° año/Etnografía I/Teóricos - E I/(04) Metodología etnográfica I.md",
    "materias/2° año/Etnografía I/Teóricos - E I/tips para ensayo.md",
    "materias/2° año/Etnografía I/Teóricos - E I/Sin título.md",
    "materias/2° año/Etnografía I/Teóricos - E I/(08-09) Etnografía en Sudamerica.md",
    "extra/calendario/2024/09 07 2024.md",
    "materias/2° año/Etnografía I/Teóricos - E I/(07) Cierre de unidad.md",
    "extra/calendario/2024/08 07 2024.md",
    "materias/2° año/Geología de Cuaternario/Teórico-Prácticos - GC/primer parcial/Repaso primer parcial - GC.md",
    "materias/2° año/Geología de Cuaternario/Teórico-Prácticos - GC/primer parcial/(03) El Clima.md",
    "materias/2° año/Geología de Cuaternario/Teórico-Prácticos - GC/primer parcial/(02) Mapa Topográfico.md",
    "materias/2° año/Geología de Cuaternario/Teórico-Prácticos - GC/primer parcial/(09) Estratigrafía Litoral.md",
    "materias/2° año/Geología de Cuaternario/Teórico-Prácticos - GC/primer parcial/(08) Ambientes Costeros.md",
    "materias/2° año/Geología de Cuaternario/Teórico-Prácticos - GC/primer parcial/(07) Llanura Chaco Pampeana.md",
    "materias/2° año/Geología de Cuaternario/Teórico-Prácticos - GC/primer parcial/(06) Acción Fluvial.md",
    "materias/2° año/Geología de Cuaternario/Teórico-Prácticos - GC/primer parcial/(05) Procesos de Remoción en Masas.md",
    "materias/2° año/Geología de Cuaternario/Teórico-Prácticos - GC/primer parcial/(04) Meteorización (Salida al C.).md",
    "materias/2° año/Geología de Cuaternario/Teórico-Prácticos - GC/primer parcial/(01) El Cuaternario.md",
    "extra/calendario/2024/(05) mayo/06 05 2024.md",
    "materias/2° año/Teoría Antropológica/Prácticos TEA/(10) Naturaleza y Cultura.md",
    "materias/2° año/Teoría Antropológica/Repaso primer parcial - TEA.md",
    "extra/calendario/2024/(05) mayo/13 05 2024.md",
    "(09) Homo Neanderthalensis.pdf",
    "materias/2° año/Geología de Cuaternario/Blanchet C.L. et al (2024) - Climatic pacing of extreme Nile floods during the North African Humid Period.pdf",
    "materias/2° año/Geología de Cuaternario/Bunbury, J. et al (2023) - The Egyptian Nile, Human Transformation of an Ancient River.pdf",
    "materias/2° año/Teoría Antropológica/Anexos TEA/Bibliografía/el paradigma emergente.pdf",
    "materias/2° año/Teoría Antropológica/Anexos TEA/Bibliografía/La naturaleza del dato arqueológico.pdf",
    "materias/2° año/Teoría Antropológica/Anexos TEA/Bibliografía/la relación entre la teoría etnológica y el hecho etnográfico.pdf",
    "materias/2° año/Teoría Antropológica/Anexos TEA/Bibliografía/diaz e. - conocimiento, ciencia y epistemología.pdf",
    "materias/2° año/Teoría Antropológica/Anexos TEA/Bibliografía/Aguerre y Lanata, Explorando algunos temas de Arqueología.pdf",
    "materias/2° año/Teoría Antropológica/Anexos TEA/Bibliografía/Lahitte, et all- Relaciones 2-cap 3 y 4.pdf",
    "materias/2° año/Teoría Antropológica/Anexos TEA/Bibliografía/Sistemas de inferencia.docx.pdf",
    "Sin título.canvas",
    "materias/2° año/(08) Geología De Cuaternario/Anexos - GC/Screenshot_20240527-090609~2.png",
    "materias/2° año/(08) Geología De Cuaternario/Anexos - GC/Screenshot_20240527-091223.png",
    "materias/2° año/(08) Geología De Cuaternario/Anexos - GC/Screenshot_20240527-091811.png",
    "materias/2° año/(08) Geología De Cuaternario/Anexos - GC/Screenshot_20240527-091946.png"
  ]
}