{
  "main": {
    "id": "ea21f958c1a16f10",
    "type": "split",
    "children": [
      {
        "id": "2bf36efc7d936aa9",
        "type": "tabs",
        "children": [
          {
            "id": "536b4fbf0fc3e3e9",
            "type": "leaf",
            "state": {
              "type": "pdf",
              "state": {
                "file": "materias/2° año/Teoría Antropológica/Anexos TEA/Bibliografía/Descola - Mas allá de la naturaleza y la cultura.pdf"
              }
            }
          },
          {
            "id": "5b9cbdc96db26ff1",
            "type": "leaf",
            "state": {
              "type": "markdown",
              "state": {
                "file": "materias/2° año/Teoría Antropológica/Repaso primer parcial - TEA.md",
                "mode": "source",
                "backlinks": false,
                "source": false
              }
            }
          },
          {
            "id": "e89404c1a3b9b3e5",
            "type": "leaf",
            "state": {
              "type": "pdf",
              "state": {
                "file": "materias/2° año/Teoría Antropológica/Anexos TEA/Bibliografía/La naturaleza del dato arqueológico.pdf"
              }
            }
          },
          {
            "id": "5c1bd9c8c62d46f4",
            "type": "leaf",
            "state": {
              "type": "markdown",
              "state": {
                "file": "materias/2° año/Prehistoria Extra-Americana/Teóricos - PEA/(12) Paleolítico Superior.md",
                "mode": "source",
                "backlinks": false,
                "source": false
              }
            }
          }
        ],
        "currentTab": 2
      }
    ],
    "direction": "vertical"
  },
  "left": {
    "id": "592f86f6030412ee",
    "type": "mobile-drawer",
    "children": [
      {
        "id": "e73cf9ced55f8983",
        "type": "leaf",
        "state": {
          "type": "search",
          "state": {
            "query": "",
            "matchingCase": true,
            "explainSearch": true,
            "collapseAll": true,
            "extraContext": true,
            "sortOrder": "byCreatedTimeReverse"
          }
        }
      },
      {
        "id": "78f164acc35d01df",
        "type": "leaf",
        "state": {
          "type": "file-explorer",
          "state": {
            "sortOrder": "alphabetical"
          }
        }
      },
      {
        "id": "a67f94f82f818f58",
        "type": "leaf",
        "state": {
          "type": "bookmarks",
          "state": {}
        }
      }
    ],
    "currentTab": 1
  },
  "right": {
    "id": "16896b6d106dfb6d",
    "type": "mobile-drawer",
    "children": [
      {
        "id": "c9f201a7245636e9",
        "type": "leaf",
        "state": {
          "type": "calendar",
          "state": {}
        }
      },
      {
        "id": "8aba2f32905aef68",
        "type": "leaf",
        "state": {
          "type": "outline",
          "state": {
            "file": "materias/2° año/Teoría Antropológica/Anexos TEA/Bibliografía/La naturaleza del dato arqueológico.pdf"
          }
        }
      }
    ],
    "currentTab": 1
  },
  "left-ribbon": {
    "hiddenItems": {
      "graph:Abrir vista gráfica": false,
      "canvas:Crear nuevo lienzo": false,
      "daily-notes:Abrir la nota de hoy": false,
      "templates:Insertar plantilla": false,
      "command-palette:Abrir paleta de comandos": false,
      "zk-prefixer:Crear nueva nota única": false,
      "random-note:Abrir nota al azar": false,
      "obsidian-excalidraw-plugin:Create new drawing": false
    }
  },
  "active": "78f164acc35d01df",
  "lastOpenFiles": [
    "materias/2° año/Teoría Antropológica/Repaso primer parcial - TEA.md",
    "materias/2° año/Teoría Antropológica/Anexos TEA/Bibliografía/Kapplan y Manners.pdf",
    "materias/2° año/Teoría Antropológica/Anexos TEA/Bibliografía/La naturaleza del dato arqueológico.pdf",
    "materias/2° año/Teoría Antropológica/Anexos TEA/Bibliografía/Lahitte et al-Relaciones I- (pp113-151).pdf",
    "materias/2° año/Prehistoria Extra-Americana/Anexos - PEA/Screenshot_20240708-151305.jpg",
    "materias/2° año/Prehistoria Extra-Americana/Teóricos - PEA/(11) Transición entre Paleolíticos.md",
    "materias/2° año/Prehistoria Extra-Americana/Teóricos - PEA/(12) Paleolítico Superior.md",
    "materias/2° año/Prehistoria Extra-Americana/Teóricos - PEA/(10) Denisovanos.md",
    "materias/2° año/Prehistoria Extra-Americana/Anexos - PEA/Díez Martin, F. 2005. El largo viaje. Arqueología de los orígenes humanos y las primeras migraciones.pdf",
    "materias/2° año/Geología de Cuaternario/Teórico-Prácticos - GC/primer parcial/(06) Acción Fluvial.md",
    "materias/2° año/Prehistoria Extra-Americana/Anexos - PEA/Ripoll López (2021) - Prehistoria I Las primeras etapas de la Humanidad.pdf",
    "extra/excalidraw/dibujo de arpon.md",
    "materias/2° año/Prehistoria Extra-Americana/Anexos - PEA/Screenshot_20240708-135339.jpg",
    "materias/2° año/Prehistoria Extra-Americana/Anexos - PEA/Tabla Cronoestatigrafica.pdf",
    "extra/calendario/2024/08 07 2024.md",
    "materias/2° año/Geología de Cuaternario/Teórico-Prácticos - GC/primer parcial/ACTIVIDAD FINAL INTEGRADORA.md",
    "extra/calendario/2024/(07) julio/01 07 2024.md",
    "materias/2° año/Antropología Biológica I/Prácticos/(11) Antropometría y CC.md",
    "materias/2° año/Antropología Biológica I/Teóricos/(11) Envejecimiento.md",
    "materias/2° año/Antropología Biológica I/Prácticos/(12) Tendencia Secular.md",
    "materias/2° año/Geología de Cuaternario/Blanchet C.L. et al (2024) - Climatic pacing of extreme Nile floods during the North African Humid Period.pdf",
    "materias/2° año/Geología de Cuaternario/Bunbury, J. et al (2023) - The Egyptian Nile, Human Transformation of an Ancient River.pdf",
    "materias/2° año/Prehistoria Extra-Americana/Prácticos - PEA/(07) Busqueda y valoración de bibliografía científico-academica.md",
    "materias/2° año/Teoría Antropológica/Prácticos TEA/(05) Paradigma de la Complejidad.md",
    "materias/2° año/Teoría Antropológica/Prácticos TEA/(10) Naturaleza y Cultura.md",
    "materias/2° año/Antropología Biológica I/Teóricos/(10) Tendencia secular.md",
    "materias/2° año/Teoría Antropológica/Anexos TEA/Bibliografía/Descola - Mas allá de la naturaleza y la cultura.pdf",
    "extra/calendario/2024/05 07 2024.md",
    "materias/2° año/Antropología Biológica I/Teóricos/(09) Composición corporal.md",
    "materias/2° año/Antropología Biológica I/Anexos/Abeyá Gilardón E et al (2009) Evaluación del estado nutricional.pdf",
    "materias/2° año/Antropología Biológica I/Prácticos/(08) Crecimiento, desarrollo y evolución.md",
    "materias/2° año/Antropología Biológica I/Teóricos/(04) Embriología y Desarrollo Humano.md",
    "materias/2° año/Antropología Biológica I/Teóricos/(05) Tipos de maduración.md",
    "materias/2° año/Antropología Biológica I/Teóricos/(08) Antropometría.md",
    "materias/2° año/Antropología Biológica I/Prácticos/(10) Estadística II.md",
    "materias/2° año/Antropología Biológica I/Prácticos/(09) Estadística I.md",
    "materias/2° año/Antropología Biológica I/Prácticos/(07) Desarrollo Psicomotor.md",
    "materias/2° año/Antropología Biológica I/Anexos/nivel tisular.jpg",
    "materias/2° año/Etnografía I/Anexos - E I/IMG_20240702_095149780_HDR.jpg",
    "materias/2° año/Prehistoria Extra-Americana/Anexos - PEA/Otros anexos/Screenshot_20240701-145108.png",
    "materias/2° año/Geología de Cuaternario/Anexos - GC/Otros anexos/Screenshot_20240630-175320.jpg",
    "materias/2° año/Prehistoria Extra-Americana/Anexos - PEA/Otros anexos/Screenshot_20240627-100733~2.jpg",
    "materias/2° año/Prehistoria Extra-Americana/Anexos - PEA/Otros anexos/Screenshot_20240627-094327~2.png",
    "materias/2° año/Prehistoria Extra-Americana/Anexos - PEA/Otros anexos/ubicación de yacimientos claves neandertales.jpg",
    "materias/2° año/Etnografía I/Anexos - E I/IMG_20240513_192414211_HDR_DOC.jpg",
    "materias/2° año/(09) Prehistoria Extra-Americana/Sin título.canvas"
  ]
}