{
  "main": {
    "id": "489517150b8b2a96",
    "type": "split",
    "children": [
      {
        "id": "b357c55a958ac3bc",
        "type": "tabs",
        "children": [
          {
            "id": "0f74adfda0277abb",
            "type": "leaf",
            "state": {
              "type": "markdown",
              "state": {
                "file": "Manual de uso.md",
                "mode": "preview",
                "source": false,
                "backlinks": false
              },
              "icon": "lucide-file",
              "title": "Manual de uso"
            }
          }
        ]
      }
    ],
    "direction": "vertical"
  },
  "left": {
    "id": "31e36010b8224e1c",
    "type": "split",
    "children": [
      {
        "id": "af129e40161719ab",
        "type": "tabs",
        "dimension": 37.22627737226277,
        "children": [
          {
            "id": "715a422b8bdbd769",
            "type": "leaf",
            "state": {
              "type": "search",
              "state": {
                "query": "",
                "matchingCase": false,
                "explainSearch": false,
                "collapseAll": false,
                "extraContext": false,
                "sortOrder": "alphabetical"
              },
              "icon": "lucide-search",
              "title": "Buscar"
            }
          }
        ]
      },
      {
        "id": "c6fe1a5ffeed7390",
        "type": "tabs",
        "dimension": 62.77372262773722,
        "children": [
          {
            "id": "4bc1eee22572f801",
            "type": "leaf",
            "state": {
              "type": "file-explorer",
              "state": {
                "sortOrder": "alphabetical",
                "autoReveal": false
              },
              "icon": "lucide-folder-closed",
              "title": "Explorador de archivos"
            }
          }
        ]
      }
    ],
    "direction": "horizontal",
    "width": 296,
    "collapsed": true
  },
  "right": {
    "id": "9c8e2dffd83511d2",
    "type": "split",
    "children": [
      {
        "id": "ff9ced3c05d1d5f0",
        "type": "tabs",
        "dimension": 36.39705882352941,
        "children": [
          {
            "id": "e3114b40e0978f2c",
            "type": "leaf",
            "state": {
              "type": "graph",
              "state": {},
              "icon": "lucide-git-fork",
              "title": "Vista gráfica"
            }
          },
          {
            "id": "181ec8a9ff914cd6",
            "type": "leaf",
            "state": {
              "type": "bookmarks",
              "state": {},
              "icon": "lucide-bookmark",
              "title": "Marcadores"
            }
          }
        ]
      },
      {
        "id": "559b76e99301db62",
        "type": "tabs",
        "dimension": 63.60294117647059,
        "children": [
          {
            "id": "7032908a26b6d97d",
            "type": "leaf",
            "state": {
              "type": "outline",
              "state": {
                "file": "Manual de uso.md",
                "followCursor": false,
                "showSearch": false,
                "searchQuery": ""
              },
              "icon": "lucide-list",
              "title": "Esquema de Manual de uso"
            }
          },
          {
            "id": "f8085e453fd07fb0",
            "type": "leaf",
            "state": {
              "type": "backlink",
              "state": {
                "file": "Manual de uso.md",
                "collapseAll": false,
                "extraContext": false,
                "sortOrder": "alphabetical",
                "showSearch": false,
                "searchQuery": "",
                "backlinkCollapsed": false,
                "unlinkedCollapsed": true
              },
              "icon": "links-coming-in",
              "title": "Enlaces entrantes de Manual de uso"
            }
          },
          {
            "id": "7ecb785ae1b56368",
            "type": "leaf",
            "state": {
              "type": "outgoing-link",
              "state": {
                "file": "Manual de uso.md",
                "linksCollapsed": false,
                "unlinkedCollapsed": true
              },
              "icon": "links-going-out",
              "title": "Enlaces salientes de Manual de uso"
            }
          }
        ]
      }
    ],
    "direction": "horizontal",
    "width": 290.5,
    "collapsed": true
  },
  "left-ribbon": {
    "hiddenItems": {
      "workspaces:Gestionar disposiciones de espacio de trabajo": false,
      "graph:Abrir vista gráfica": false,
      "command-palette:Abrir paleta de comandos": false,
      "templater-obsidian:Templater": false
    }
  },
  "active": "0f74adfda0277abb",
  "lastOpenFiles": [
    "Manual de uso.md",
    "Bienvenido.md",
    "t.me/whoispadu.md",
    "t.me",
    "COMUNITARIOS.md",
    "Home - Obsidian Help.md",
    "cree un enlace.md",
    "extra/calendario/2025/20 05 2025.md",
    "extra/calendario/2025",
    "extra/calendario",
    "extra",
    "experiencia/4.acg/Wikimedia/CLASE II.md",
    "Wikipedia - Manual de estilo - Wikipedia, la enciclopedia libre.md",
    "Wikipedia, la enciclopedia libre.md",
    "extra/excalidraw/(17) Kollas 2024-10-08 10.35.45.excalidraw.md",
    "experiencia/4.acg/Wikimedia/CLASE I.md",
    "materias/en curso/Arqueología Americana I/Teóricos/(08) Poblamiento II.md",
    "materias/en curso/Antropología Sociocultural I/Prácticos/(06)/Naturaleza - Cultura II.md",
    "materias/en curso/Antropología Sociocultural I/Prácticos/(06)",
    "materias/en curso/Antropología Sociocultural I/Teóricos/UNIDAD II/Clase VIII.md",
    "extra/excalidraw/Clase VIII 2025-05-20 13.27.59.excalidraw.md",
    "extra/calendario/2025/19 05 2025.md",
    "materias/en curso/Antropología Biológica I/Prácticos/(07) Maduración II.md",
    "materias/en curso/Antropología Biológica I/Anexos/Sin título.md",
    "materias/en curso/Antropología Biológica I/Anexos/asimetria.gif",
    "materias/en curso/Arqueología Americana I/costera2.jpg",
    "TP.md",
    "extra/excalidraw/(08) Poblamiento II 2025-05-19 12.39.08.excalidraw.md",
    "materias/en curso/Antropología Biológica I/Teóricos/(08) Estadística I.md",
    "extra/excalidraw/(08) Estadística I 2025-05-16 13.17.53.excalidraw.md",
    "extra/excalidraw/(08) Estadística I 2025-05-16 14.20.51.excalidraw.md",
    "extra/excalidraw/(08) Estadística I 2025-05-16 14.28.21.excalidraw.md",
    "asimetria.gif",
    "extra/excalidraw/(08) Estadística I 2025-05-16 13.49.43.excalidraw.md",
    "materias/en curso/Etnografía II/Prácticos/Bloque Temático 1/(05)",
    "materias/en curso/Antropología Sociocultural I/Prácticos/(05)/Bibliografía/geertz clifford - cap 2 el impacto del concepto de cultura....pdf",
    "materias/en curso/Antropología Sociocultural I/Prácticos/(05)/Bibliografía",
    "materias/en curso/Antropología Sociocultural I/Prácticos/(05)/geertz clifford - cap 2 el impacto del concepto de cultura....pdf",
    "experiencia/4.acg/Wikimedia",
    "materias/en curso/Arqueología Americana I/Prácticos/TP 6/Anexos/IMG_20250513_115621661_MP~2.jpg",
    "materias/en curso/Arqueología Americana I/Prácticos/TP 6/Anexos/IMG_20250513_115607169_HDR~2.jpg",
    "materias/en curso/Arqueología Americana I/Prácticos/TP 3/Anexos/IMG_20250415_105228739_DOC.jpg",
    "materias/en curso/Arqueología Americana I/Prácticos/TP 3/Anexos/IMG_20250415_105537336_DOC.jpg",
    "materias/archivo/por rendir/2° año/Etnografía I/Anexos - E I/IMG_20240513_194427974_DOC.jpg",
    "materias/archivo/por rendir/2° año/Etnografía I/Anexos - E I/IMG_20240513_194427974_DOC 1.jpg",
    "materias/archivo/por rendir/2° año/Etnografía I/Anexos - E I/IMG_20240513_195356700_HDR_DOC.jpg",
    "materias/3° año/Sin título.canvas",
    "Sin título.canvas"
  ]
}