{
  "workspaces": {
    "E-II": {
      "main": {
        "id": "5324373015726ba8",
        "type": "split",
        "children": [
          {
            "id": "6f96047e21ec8926",
            "type": "tabs",
            "children": [
              {
                "id": "4285718b146a14ed",
                "type": "leaf",
                "pinned": true,
                "state": {
                  "type": "graph",
                  "state": {},
                  "pinned": true,
                  "icon": "lucide-git-fork",
                  "title": "Vista gráfica"
                }
              },
              {
                "id": "30065d05199ec7f9",
                "type": "leaf",
                "state": {
                  "type": "markdown",
                  "state": {
                    "file": "materias/3° año/Etnografía II/Prácticos/Bloque Temático 1/(01)/Trabajo Práctico.md",
                    "mode": "source",
                    "source": false,
                    "backlinks": false
                  },
                  "icon": "lucide-file",
                  "title": "Trabajo Práctico"
                }
              },
              {
                "id": "01d70a03016c7295",
                "type": "leaf",
                "state": {
                  "type": "pdf",
                  "state": {
                    "file": "materias/3° año/Etnografía II/Prácticos/Bloque Temático 1/(01)/Bibliografía/Godelier M. (2016). En el mundo de hoy, la antropología es más importante que nunca.pdf",
                    "page": 10,
                    "left": 22,
                    "top": 607,
                    "zoom": 0.7526797190091293
                  },
                  "icon": "lucide-file-text",
                  "title": "Godelier M. (2016). En el mundo de hoy, la antropología es más importante que nunca"
                }
              }
            ],
            "currentTab": 1
          }
        ],
        "direction": "vertical"
      },
      "left": {
        "id": "592f86f6030412ee",
        "type": "mobile-drawer",
        "children": [
          {
            "id": "78f164acc35d01df",
            "type": "leaf",
            "state": {
              "type": "file-explorer",
              "state": {
                "sortOrder": "alphabetical",
                "autoReveal": true
              },
              "icon": "lucide-folder-closed",
              "title": "Explorador de archivos"
            }
          },
          {
            "id": "a67f94f82f818f58",
            "type": "leaf",
            "state": {
              "type": "bookmarks",
              "state": {},
              "icon": "lucide-bookmark",
              "title": "Marcadores"
            }
          },
          {
            "id": "62575d0631eb2839",
            "type": "leaf",
            "state": {
              "type": "search",
              "state": {
                "query": "",
                "matchingCase": false,
                "explainSearch": false,
                "collapseAll": false,
                "extraContext": false,
                "sortOrder": "alphabetical"
              },
              "icon": "lucide-search",
              "title": "Buscar"
            }
          },
          {
            "id": "2c2b11a719e79e98",
            "type": "leaf",
            "state": {
              "type": "all-properties",
              "state": {
                "sortOrder": "frequency",
                "showSearch": false,
                "searchQuery": ""
              },
              "icon": "lucide-archive",
              "title": "Todas las propiedades"
            }
          },
          {
            "id": "2335e958a793aac9",
            "type": "leaf",
            "state": {
              "type": "tag",
              "state": {
                "sortOrder": "frequency",
                "useHierarchy": true,
                "showSearch": false,
                "searchQuery": ""
              },
              "icon": "lucide-tags",
              "title": "Etiquetas"
            }
          }
        ],
        "currentTab": 0
      },
      "right": {
        "id": "16896b6d106dfb6d",
        "type": "mobile-drawer",
        "children": [
          {
            "id": "c9f201a7245636e9",
            "type": "leaf",
            "state": {
              "type": "calendar",
              "state": {},
              "icon": "calendar-with-checkmark",
              "title": "Calendar"
            }
          },
          {
            "id": "8aba2f32905aef68",
            "type": "leaf",
            "state": {
              "type": "outline",
              "state": {
                "file": "materias/3° año/Antropología Sociocultural I/Teóricos/Clase III.md",
                "followCursor": false,
                "showSearch": false,
                "searchQuery": ""
              },
              "icon": "lucide-list",
              "title": "Esquema"
            }
          },
          {
            "id": "19cd1d52aa5a4a7d",
            "type": "leaf",
            "state": {
              "type": "dictionary-view",
              "state": {},
              "icon": "quote-glyph",
              "title": "Diccionario"
            }
          },
          {
            "id": "f589381e66529319",
            "type": "leaf",
            "state": {
              "type": "backlink",
              "state": {
                "file": "extra/calendario/2025/15 04 2025.md",
                "collapseAll": false,
                "extraContext": false,
                "sortOrder": "alphabetical",
                "showSearch": false,
                "searchQuery": "",
                "backlinkCollapsed": false,
                "unlinkedCollapsed": true
              },
              "icon": "links-coming-in",
              "title": "Enlaces entrantes"
            }
          },
          {
            "id": "25676bb215fcedcc",
            "type": "leaf",
            "state": {
              "type": "outgoing-link",
              "state": {
                "file": "extra/calendario/2025/15 04 2025.md",
                "linksCollapsed": false,
                "unlinkedCollapsed": true
              },
              "icon": "links-going-out",
              "title": "Enlaces salientes"
            }
          }
        ],
        "currentTab": 0
      },
      "left-ribbon": {
        "hiddenItems": {
          "graph:Abrir vista gráfica": false,
          "templates:Insertar plantilla": false,
          "command-palette:Abrir paleta de comandos": false,
          "zk-prefixer:Crear nueva nota única": false,
          "random-note:Abrir nota al azar": false,
          "daily-notes:Abrir la nota de hoy": false,
          "templater-obsidian:Templater": false,
          "obsidian-excalidraw-plugin:New drawing": false,
          "workspaces:Gestionar disposiciones de espacio de trabajo": false
        }
      },
      "active": "30065d05199ec7f9",
      "mtime": "2025-04-16T13:00:18-03:00"
    }
  },
  "active": "E-II"
}